
INSERT INTO PERSONS (ID, SURNAME, GIVENNAME, BIRTH_YEAR, IMAGE_PATH) VALUES (1, 'Noiret', 'Phillipe', 1930, 'p0001.jpg');
INSERT INTO PERSONS (ID, SURNAME, GIVENNAME, BIRTH_YEAR, IMAGE_PATH) VALUES (2, 'Galabru', 'Michel', 1922, 'p0002.jpg');
INSERT INTO PERSONS (ID, SURNAME, GIVENNAME, BIRTH_YEAR, IMAGE_PATH) VALUES (3, 'Huppert', 'Isabelle', 1953, 'p0003.jpg');
INSERT INTO PERSONS (ID, SURNAME, GIVENNAME, BIRTH_YEAR, IMAGE_PATH) VALUES (4, 'Hamill', 'Mark', 1951, 'p0004.jpg');
INSERT INTO PERSONS (ID, SURNAME, GIVENNAME, BIRTH_YEAR, IMAGE_PATH) VALUES (5, 'Ford', 'Harrison', 1942, 'p0005.jpg');
INSERT INTO PERSONS (ID, SURNAME, GIVENNAME, BIRTH_YEAR, IMAGE_PATH) VALUES (6, 'Fisher', 'Carrie', 1956, 'p0006.jpg');
INSERT INTO PERSONS (ID, SURNAME, GIVENNAME, BIRTH_YEAR, IMAGE_PATH) VALUES (7, 'Gere', 'Richard', 1949, 'p0007.jpg');
INSERT INTO PERSONS (ID, SURNAME, GIVENNAME, BIRTH_YEAR, IMAGE_PATH) VALUES (8, 'Roberts', 'Julia', 1967, 'p0008.jpg');
INSERT INTO PERSONS (ID, SURNAME, GIVENNAME, BIRTH_YEAR, IMAGE_PATH) VALUES (9, 'Bellamy', 'Ralph', 1904, 'p0009.jpg');
INSERT INTO PERSONS (ID, SURNAME, GIVENNAME, BIRTH_YEAR, IMAGE_PATH) VALUES (10, 'Hopkins', 'Anthony', 1937, 'p0010.jpg');
INSERT INTO PERSONS (ID, SURNAME, GIVENNAME, BIRTH_YEAR, IMAGE_PATH) VALUES (11, 'Pitt', 'William Bradley', 1963, 'p0011.jpg');
INSERT INTO PERSONS (ID, SURNAME, GIVENNAME, BIRTH_YEAR, IMAGE_PATH) VALUES (12, 'Quinn', 'Aidan', 1959, 'p0012.jpg');
INSERT INTO PERSONS (ID, SURNAME, GIVENNAME, BIRTH_YEAR, IMAGE_PATH) VALUES (13, 'Thomas', 'Henry', 1971, 'p0013.jpg');
INSERT INTO PERSONS (ID, SURNAME, GIVENNAME, BIRTH_YEAR, IMAGE_PATH) VALUES (14, 'Barrymore', 'Drew Bythe', 1975, 'p0014.jpg');
INSERT INTO PERSONS (ID, SURNAME, GIVENNAME, BIRTH_YEAR, IMAGE_PATH) VALUES (15, 'Wallace Stone', 'Dee', 1948, 'p0015.jpg');
INSERT INTO PERSONS (ID, SURNAME, GIVENNAME, BIRTH_YEAR, IMAGE_PATH) VALUES (16, 'Heston', 'Charlton', 1923, 'p0016.jpg');
INSERT INTO PERSONS (ID, SURNAME, GIVENNAME, BIRTH_YEAR, IMAGE_PATH) VALUES (17, 'Boyd', 'Stephen', 1928, 'p0017.jpg');
INSERT INTO PERSONS (ID, SURNAME, GIVENNAME, BIRTH_YEAR, IMAGE_PATH) VALUES (18, 'Hawkins', 'Jack', 1910, 'p0018.jpg');
INSERT INTO PERSONS (ID, SURNAME, GIVENNAME, BIRTH_YEAR, IMAGE_PATH) VALUES (19, 'Tavernier', 'Bertrand', 1941, 'p0110.jpg');
INSERT INTO PERSONS (ID, SURNAME, GIVENNAME, BIRTH_YEAR, IMAGE_PATH) VALUES (20, 'Lucas', 'Georges', 1944, 'p0045.jpg');
INSERT INTO PERSONS (ID, SURNAME, GIVENNAME, BIRTH_YEAR, IMAGE_PATH) VALUES (21, 'Marshall', 'Garry', 1934, 'p0098.jpg');
INSERT INTO PERSONS (ID, SURNAME, GIVENNAME, BIRTH_YEAR, IMAGE_PATH) VALUES (22, 'Wyler', 'William', 1902, 'p0044.jpg');
INSERT INTO PERSONS (ID, SURNAME, GIVENNAME, BIRTH_YEAR, IMAGE_PATH) VALUES (23, 'Spielberg', 'Steven', 1946, 'p0019.jpg');
INSERT INTO PERSONS (ID, SURNAME, GIVENNAME, BIRTH_YEAR, IMAGE_PATH) VALUES (24, 'Zwick', 'Edward', 1952, 'p0020.jpg');

INSERT INTO FILMS (ID, TITLE, IMAGE_PATH, SUMMARY, FILM_DIRECTOR) VALUES (1, 'Le juge et l''assassin', 'f0001.jpg', 'Fin du XIXème, Joseph Bouvier est révoqué de l''armée à cause de ses excès de violence. Suite à ce renvoi, l''homme s''attaque à sa fiancée et tente de se suicider, en vain. Après un séjour en hôpital psychiatrique, Joseph ressort de cet endroit encore plus enragé et décide de se venger sur toutes les personnes qui croiseront son chemin en Ardèche. Non loin de là, le juge Rousseau, passionné par l''affaire, prend part à l''investigation et se met sur les traces de Bouvier. Bien décidé à le mettre sous les verrous, c''est le début d''une chasse à l''homme...', 19);
INSERT INTO FILMS (ID, TITLE, IMAGE_PATH, SUMMARY, FILM_DIRECTOR) VALUES (2, 'La guerre des étoiles', 'f0002.jpg', 'Il y a bien longtemps, dans une galaxie très lointaine... La guerre civile fait rage entre l''Empire galactique et l''Alliance rebelle. Capturée par les troupes de choc de l''Empereur menées par le sombre et impitoyable Dark Vador, la princesse Leia Organa dissimule les plans de l''Etoile Noire, une station spatiale invulnérable, à son droïde R2-D2 avec pour mission de les remettre au Jedi Obi-Wan Kenobi. Accompagné de son fidèle compagnon, le droïde de protocole C-3PO, R2-D2 s''échoue sur la planète Tatooine et termine sa quête chez le jeune Luke Skywalker. Rêvant de devenir pilote mais confiné aux travaux de la ferme, ce dernier se lance à la recherche de ce mystérieux Obi-Wan Kenobi, devenu ermite au coeur des montagnes désertiques de Tatooine...', 20);
INSERT INTO FILMS (ID, TITLE, IMAGE_PATH, SUMMARY, FILM_DIRECTOR) VALUES (3, 'Pretty woman', 'f0003.jpg', 'Edward Lewis, homme d''affaires performant, rencontre par hasard Vivian Ward, beaute fatale qui arpente chaque nuit les trottoirs d''Hollywood Boulevard. La jeune femme ne fera qu''une bouchee du brillant PDG.', 21);
INSERT INTO FILMS (ID, TITLE, IMAGE_PATH, SUMMARY, FILM_DIRECTOR) VALUES (4, 'BEN-HUR', 'f0006.jpg', 'Judas Ben-Hur, prince de Judée, retrouve son ami d''enfance Messala, venu prendre la tête de la garnison de Jérusalem. Mais leur amitié ne peut résister à leurs caractères différents. Alors qu''une pierre tombe du balcon de la maison familiale de Ben-Hur, manquant de tuer le gouverneur qui paradait plus bas, Messala trahit son ami qu''il sait innocent en l''envoyant aux galères et en jetant en prison sa mère et sa sœur. Ben-Hur jure alors de reconquérir sa liberté et prépare sa vengeance.', 22);
INSERT INTO FILMS (ID, TITLE, IMAGE_PATH, SUMMARY, FILM_DIRECTOR) VALUES (5, 'E.T. l''extra-terrestre', 'f0005.jpg', 'Une soucoupe volante atterrit en pleine nuit près de Los Angeles. Quelques extraterrestres, envoyés sur Terre en mission d''exploration botanique, sortent de l''engin, mais un des leurs s''aventure au-delà de la clairière où se trouve la navette. Celui-ci se dirige alors vers la ville. C''est sa première découverte de la civilisation humaine. Bientôt traquée par des militaires et abandonnée par les siens, cette petite créature apeurée se nommant E.T. se réfugie dans une résidence de banlieue. Elliot, un garçon de dix ans, le découvre et lui construit un abri dans son armoire. Rapprochés par un échange télépathique, les deux êtres ne tardent pas à devenir amis. Aidé par sa soeur Gertie et son frère aîné Michael, Elliot va alors tenter de garder la présence d''E.T. secrète.', 23);
INSERT INTO FILMS (ID, TITLE, IMAGE_PATH, SUMMARY, FILM_DIRECTOR) VALUES (6, 'Légendes d''automne', 'f0004.jpg', 'Au cœur des contrées sauvages du Montana, trois frères, Alfred, Tristan et Samuel sont élevés par leur père, le colonel William Ludlow et ses amis indiens. Un jour, Samuel, le plus fragile, présente sa ravissante fiancée, Susannah à sa famille. Les trois jeunes hommes s’engagent dans la première Guerre Mondiale et Samuel décède sur le champ de bataille. A leur retour, Tristan et Alfred se battent pour conquérir le cœur de la belle veuve.', 24);



INSERT INTO PLAY (ID, PERSON_ID, FILM_ID, RANK, NAME) VALUES (1, 1, 1, 1, 'Le juge Rousseau');
INSERT INTO PLAY (ID, PERSON_ID, FILM_ID, RANK, NAME) VALUES (2, 2, 1, 2, 'Joseph Bouvier');
INSERT INTO PLAY (ID, PERSON_ID, FILM_ID, RANK, NAME) VALUES (3, 3, 1, 3, 'Rose');
INSERT INTO PLAY (ID, PERSON_ID, FILM_ID, RANK, NAME) VALUES (4, 4, 2, 1, 'Luke Skywalker');
INSERT INTO PLAY (ID, PERSON_ID, FILM_ID, RANK, NAME) VALUES (5, 5, 2, 2, 'Han Solo');
INSERT INTO PLAY (ID, PERSON_ID, FILM_ID, RANK, NAME) VALUES (6, 6, 2, 3, 'Princesse Leia Organa');
INSERT INTO PLAY (ID, PERSON_ID, FILM_ID, RANK, NAME) VALUES (7, 7, 3, 1, 'Edward Lewis');
INSERT INTO PLAY (ID, PERSON_ID, FILM_ID, RANK, NAME) VALUES (8, 8, 3, 2, 'Vivian Ward');
INSERT INTO PLAY (ID, PERSON_ID, FILM_ID, RANK, NAME) VALUES (9, 9, 3, 3, 'James');
INSERT INTO PLAY (ID, PERSON_ID, FILM_ID, RANK, NAME) VALUES (10, 10, 6, 1, 'Colonel William Ludlow');
INSERT INTO PLAY (ID, PERSON_ID, FILM_ID, RANK, NAME) VALUES (11, 11, 6, 2, 'Tristan Ludlow');
INSERT INTO PLAY (ID, PERSON_ID, FILM_ID, RANK, NAME) VALUES (12, 12, 6, 3, 'Alfred Ludlow');
INSERT INTO PLAY (ID, PERSON_ID, FILM_ID, RANK, NAME) VALUES (13, 13, 6, 4, 'Samuel Ludlow');
INSERT INTO PLAY (ID, PERSON_ID, FILM_ID, RANK, NAME) VALUES (14, 13, 5, 1, 'Eliot');
INSERT INTO PLAY (ID, PERSON_ID, FILM_ID, RANK, NAME) VALUES (15, 14, 5, 2, 'Gertie');
INSERT INTO PLAY (ID, PERSON_ID, FILM_ID, RANK, NAME) VALUES (16, 15, 5, 3, 'Mary');
INSERT INTO PLAY (ID, PERSON_ID, FILM_ID, RANK, NAME) VALUES (17, 16, 4, 1, 'Judas Ben-Hur');
INSERT INTO PLAY (ID, PERSON_ID, FILM_ID, RANK, NAME) VALUES (18, 17, 4, 2, 'Messala');
INSERT INTO PLAY (ID, PERSON_ID, FILM_ID, RANK, NAME) VALUES (19, 18, 4, 3, 'Quintus Arrius');
